<?xml version="1.0" encoding="utf-8"?>
<!--
***********************************************************************************************
(c) 2012 Gavin Pugh http://www.gavpugh.com/ - Released under the open-source zlib license
***********************************************************************************************
-->
<Rule Name="AntBuild" PageTemplate="tool" DisplayName="Ant Build" SwitchPrefix="-" Order="50" xmlns="http://schemas.microsoft.com/build/2009/properties" xmlns:x="http://schemas.microsoft.com/winfx/2006/xaml" xmlns:sys="clr-namespace:System;assembly=mscorlib">

  <Rule.Categories>
    <Category Name="General" DisplayName="General" />
  </Rule.Categories>
  <Rule.DataSource>
    <DataSource Persistence="ProjectFile" ItemType="AntBuild" Label="" HasConfigurationCondition="true" />
  </Rule.DataSource>

  <!-- General -->
  <StringProperty Subtype="folder" Name="AntBuildPath" DisplayName="Ant Build Root Path" Category="General">
  </StringProperty>
  <StringProperty Subtype="file" Name="AntLibraryName" DisplayName="Ant Final .so Library Name" Category="General">
  </StringProperty>
  <EnumProperty Name="AntBuildType" DisplayName="Ant Build Type" Category="General">
    <EnumValue Name="Debug" DisplayName="Debug" />
    <EnumValue Name="Release" DisplayName="Release" />
  </EnumProperty>
  <IntProperty Name="JVMHeapInitial" DisplayName="Ant JVM Heap Initial Size (MB)" Category="General">
  </IntProperty>
  <IntProperty Name="JVMHeapMaximum" DisplayName="Ant JVM Heap Maximum Size (MB)" Category="General">
  </IntProperty>
  <BoolProperty Name="IgnoreJavaOpts" DisplayName="Ignore existing JAVA_OPTS envvar" Category="General">
  </BoolProperty>
    
</Rule>
